{"stats":{"minecraft:mined":{"minecraft:birch_log":8,"minecraft:birch_leaves":7,"minecraft:crafting_table":1,"minecraft:grass":6,"minecraft:grass_block":5,"minecraft:coal_ore":24,"minecraft:oak_log":17,"minecraft:dirt":11,"minecraft:cobblestone":5,"minecraft:stone":99,"minecraft:oak_leaves":25},"minecraft:crafted":{"minecraft:wooden_sword":1,"minecraft:crafting_table":2,"minecraft:stick":4,"minecraft:wooden_pickaxe":1,"minecraft:stone_pickaxe":3,"minecraft:stone_sword":2,"minecraft:furnace":1,"minecraft:birch_planks":36,"minecraft:cooked_mutton":1},"minecraft:custom":{"minecraft:time_since_rest":17740,"minecraft:interact_with_furnace":3,"minecraft:sprint_one_cm":61846,"minecraft:damage_taken":450,"minecraft:walk_one_cm":151492,"minecraft:mob_kills":6,"minecraft:drop":102,"minecraft:damage_dealt":474,"minecraft:interact_with_crafting_table":7,"minecraft:player_kills":1,"minecraft:fly_one_cm":75202,"minecraft:crouch_one_cm":296,"minecraft:play_time":54039,"minecraft:deaths":1,"minecraft:sneak_time":229,"minecraft:jump":732,"minecraft:leave_game":3,"minecraft:walk_on_water_one_cm":241,"minecraft:time_since_death":17687,"minecraft:total_world_time":54039,"minecraft:fall_one_cm":18680},"minecraft:killed":{"minecraft:wolf":2,"minecraft:zombie":1,"minecraft:chicken":2},"minecraft:used":{"minecraft:cooked_mutton":1,"minecraft:stone_sword":2,"minecraft:stone_pickaxe":51,"minecraft:chicken":2,"minecraft:birch_sapling":3,"minecraft:wooden_pickaxe":84,"minecraft:rotten_flesh":4,"minecraft:stone_axe":20,"minecraft:wooden_sword":12,"minecraft:dirt":3,"minecraft:cobblestone":6,"minecraft:crafting_table":3,"minecraft:furnace":1,"minecraft:oak_sapling":1,"minecraft:egg":2},"minecraft:picked_up":{"minecraft:birch_log":10,"minecraft:stick":12,"minecraft:crafting_table":1,"minecraft:feather":2,"minecraft:chicken":2,"minecraft:wooden_pickaxe":1,"minecraft:birch_planks":17,"minecraft:oak_log":33,"minecraft:dirt":17,"minecraft:stone_sword":1,"minecraft:rotten_flesh":4,"minecraft:stone_axe":1,"minecraft:stone_pickaxe":2,"minecraft:oak_sapling":2,"minecraft:mutton":1,"minecraft:birch_sapling":7,"minecraft:coal":58,"minecraft:cobblestone":125,"minecraft:egg":2},"minecraft:killed_by":{"minecraft:player":1},"minecraft:dropped":{"minecraft:oak_log":12,"minecraft:stone_sword":1,"minecraft:birch_sapling":4,"minecraft:cobblestone":58,"minecraft:stone_pickaxe":3,"minecraft:birch_log":1,"minecraft:coal":23}},"DataVersion":3465}