{"stats":{"minecraft:picked_up":{"minecraft:birch_log":10,"minecraft:charcoal":3,"minecraft:crafting_table":1,"minecraft:feather":3,"minecraft:chicken":3,"minecraft:leather":6,"minecraft:wooden_pickaxe":3,"minecraft:oak_stairs":2,"minecraft:birch_planks":38,"minecraft:oak_log":71,"minecraft:dirt":184,"minecraft:raw_copper":7,"minecraft:acacia_planks":109,"minecraft:acacia_trapdoor":6,"minecraft:wheat_seeds":7,"minecraft:stone_pickaxe":4,"minecraft:beef":7,"minecraft:acacia_sapling":2,"minecraft:birch_sapling":7,"minecraft:oak_planks":185,"minecraft:egg":3,"minecraft:furnace":1,"minecraft:stick":29,"minecraft:torch":3,"minecraft:acacia_log":32,"minecraft:porkchop":7,"minecraft:stone_sword":3,"minecraft:stone_shovel":1,"minecraft:rotten_flesh":9,"minecraft:stone_axe":3,"minecraft:oak_sapling":4,"minecraft:mutton":3,"minecraft:coal":80,"minecraft:white_wool":4,"minecraft:cobblestone":814},"minecraft:dropped":{"minecraft:oak_log":12,"minecraft:stone_sword":1,"minecraft:birch_sapling":4,"minecraft:cobblestone":264,"minecraft:coal":23,"minecraft:wooden_pickaxe":1,"minecraft:stone_pickaxe":3,"minecraft:birch_log":1},"minecraft:custom":{"minecraft:interact_with_furnace":7,"minecraft:mob_kills":19,"minecraft:interact_with_crafting_table":11,"minecraft:leave_game":5,"minecraft:time_since_death":27268,"minecraft:time_since_rest":27312,"minecraft:sprint_one_cm":130542,"minecraft:damage_taken":1100,"minecraft:walk_one_cm":409108,"minecraft:drop":272,"minecraft:damage_dealt":2476,"minecraft:fly_one_cm":168377,"minecraft:player_kills":1,"minecraft:open_chest":12,"minecraft:crouch_one_cm":10064,"minecraft:play_time":109039,"minecraft:deaths":3,"minecraft:sneak_time":2924,"minecraft:jump":1365,"minecraft:walk_on_water_one_cm":241,"minecraft:total_world_time":109039,"minecraft:fall_one_cm":33852},"minecraft:killed":{"minecraft:wolf":2,"minecraft:spider":2,"minecraft:sheep":2,"minecraft:zombie":8,"minecraft:chicken":3,"minecraft:cow":1},"minecraft:used":{"minecraft:cooked_mutton":1,"minecraft:stone_sword":29,"minecraft:birch_planks":1,"minecraft:stone_shovel":119,"minecraft:acacia_trapdoor":4,"minecraft:stone_pickaxe":281,"minecraft:oak_planks":117,"minecraft:wooden_pickaxe":84,"minecraft:rotten_flesh":7,"minecraft:torch":2,"minecraft:dirt":122,"minecraft:crafting_table":3,"minecraft:oak_log":46,"minecraft:oak_stairs":1,"minecraft:chicken":2,"minecraft:birch_sapling":3,"minecraft:stone_axe":194,"minecraft:wooden_sword":15,"minecraft:cobblestone":215,"minecraft:oak_sapling":1,"minecraft:furnace":2,"minecraft:egg":3,"minecraft:cooked_beef":2,"minecraft:acacia_planks":68},"minecraft:mined":{"minecraft:acacia_leaves":4,"minecraft:white_bed":1,"minecraft:crafting_table":1,"minecraft:acacia_log":32,"minecraft:grass_block":91,"minecraft:copper_ore":1,"minecraft:cobblestone":17,"minecraft:oak_planks":3,"minecraft:wall_torch":1,"minecraft:birch_planks":17,"minecraft:birch_log":8,"minecraft:birch_leaves":7,"minecraft:grass":26,"minecraft:oak_log":55,"minecraft:coal_ore":24,"minecraft:oak_stairs":1,"minecraft:dirt":39,"minecraft:acacia_planks":64,"minecraft:stone":315,"minecraft:oak_leaves":31},"minecraft:broken":{"minecraft:stone_pickaxe":1,"minecraft:stone_axe":2,"minecraft:stone_shovel":1},"minecraft:killed_by":{"minecraft:player":3},"minecraft:crafted":{"minecraft:cooked_beef":2,"minecraft:wooden_sword":1,"minecraft:stone_shovel":1,"minecraft:crafting_table":2,"minecraft:wooden_pickaxe":1,"minecraft:acacia_trapdoor":10,"minecraft:furnace":1,"minecraft:birch_planks":36,"minecraft:stone_axe":1,"minecraft:cooked_mutton":1,"minecraft:air":0,"minecraft:stick":12,"minecraft:stone_pickaxe":3,"minecraft:stone_sword":2,"minecraft:acacia_planks":128}},"DataVersion":3465}