{"stats":{"minecraft:mined":{"minecraft:birch_log":2,"minecraft:birch_leaves":5,"minecraft:grass":76,"minecraft:grass_block":3,"minecraft:oak_log":55,"minecraft:dirt":7,"minecraft:tall_grass":2,"minecraft:cobblestone":3,"minecraft:stone":45,"minecraft:oak_leaves":16},"minecraft:crafted":{"minecraft:oak_planks":220,"minecraft:stick":16,"minecraft:wooden_pickaxe":2,"minecraft:stone_sword":2,"minecraft:birch_planks":4,"minecraft:stone_axe":2},"minecraft:custom":{"minecraft:time_since_rest":14650,"minecraft:sprint_one_cm":8735,"minecraft:walk_one_cm":121858,"minecraft:damage_taken":309,"minecraft:mob_kills":9,"minecraft:drop":12,"minecraft:damage_dealt":1025,"minecraft:interact_with_crafting_table":8,"minecraft:fly_one_cm":6318,"minecraft:player_kills":1,"minecraft:play_time":32575,"minecraft:deaths":1,"minecraft:sneak_time":90,"minecraft:jump":236,"minecraft:leave_game":1,"minecraft:time_since_death":14606,"minecraft:total_world_time":32575,"minecraft:fall_one_cm":4146},"minecraft:broken":{"minecraft:wooden_pickaxe":1},"minecraft:killed":{"minecraft:sheep":2,"minecraft:pig":4,"minecraft:cow":3},"minecraft:used":{"minecraft:oak_log":3,"minecraft:stone_sword":103,"minecraft:stone_pickaxe":12,"minecraft:wooden_pickaxe":41,"minecraft:stone_axe":80,"minecraft:mutton":1,"minecraft:cobblestone":11},"minecraft:picked_up":{"minecraft:birch_log":2,"minecraft:stick":7,"minecraft:leather":4,"minecraft:wooden_pickaxe":1,"minecraft:birch_planks":17,"minecraft:porkchop":7,"minecraft:oak_log":71,"minecraft:dirt":10,"minecraft:stone_sword":2,"minecraft:wheat_seeds":4,"minecraft:beef":5,"minecraft:stone_pickaxe":1,"minecraft:mutton":2,"minecraft:coal":46,"minecraft:white_wool":2,"minecraft:cobblestone":91},"minecraft:killed_by":{"minecraft:player":1},"minecraft:dropped":{"minecraft:stone_axe":1,"minecraft:oak_log":5,"minecraft:stone_sword":2,"minecraft:mutton":1,"minecraft:wooden_pickaxe":1,"minecraft:coal":9,"minecraft:stick":5}},"DataVersion":3465}