{"stats":{"minecraft:picked_up":{"minecraft:birch_log":2,"minecraft:charcoal":6,"minecraft:birch_door":1,"minecraft:crafting_table":1,"minecraft:feather":1,"minecraft:chicken":1,"minecraft:ladder":1,"minecraft:leather":12,"minecraft:wooden_pickaxe":5,"minecraft:oak_stairs":1,"minecraft:birch_planks":43,"minecraft:oak_log":85,"minecraft:dirt":105,"minecraft:raw_copper":49,"minecraft:wooden_sword":1,"minecraft:acacia_planks":2,"minecraft:wheat_seeds":49,"minecraft:stone_pickaxe":3,"minecraft:beef":15,"minecraft:acacia_sapling":4,"minecraft:oak_planks":303,"minecraft:stick":20,"minecraft:raw_iron":1,"minecraft:torch":1,"minecraft:porkchop":14,"minecraft:white_bed":1,"minecraft:stone_sword":6,"minecraft:rotten_flesh":1,"minecraft:stone_axe":2,"minecraft:oak_sapling":1,"minecraft:coal":97,"minecraft:mutton":2,"minecraft:white_wool":6,"minecraft:cobblestone":903},"minecraft:dropped":{"minecraft:stone_axe":1,"minecraft:oak_log":5,"minecraft:stone_sword":2,"minecraft:cobblestone":242,"minecraft:oak_planks":118,"minecraft:leather":4,"minecraft:coal":9,"minecraft:stick":5,"minecraft:mutton":1,"minecraft:charcoal":3,"minecraft:birch_door":1,"minecraft:wooden_pickaxe":2,"minecraft:beef":5},"minecraft:custom":{"minecraft:interact_with_furnace":1,"minecraft:mob_kills":9,"minecraft:interact_with_crafting_table":17,"minecraft:leave_game":4,"minecraft:time_since_death":35126,"minecraft:sleep_in_bed":1,"minecraft:time_since_rest":16551,"minecraft:sprint_one_cm":17718,"minecraft:damage_taken":669,"minecraft:walk_one_cm":351007,"minecraft:drop":24,"minecraft:damage_dealt":1195,"minecraft:fly_one_cm":8128,"minecraft:player_kills":3,"minecraft:open_chest":5,"minecraft:crouch_one_cm":33,"minecraft:play_time":76928,"minecraft:deaths":2,"minecraft:sneak_time":150,"minecraft:jump":426,"minecraft:total_world_time":76928,"minecraft:fall_one_cm":6134},"minecraft:killed":{"minecraft:pig":4,"minecraft:sheep":2,"minecraft:cow":3},"minecraft:used":{"minecraft:stone_sword":129,"minecraft:birch_planks":19,"minecraft:stone_pickaxe":286,"minecraft:ladder":5,"minecraft:oak_planks":5,"minecraft:chest":3,"minecraft:wooden_pickaxe":41,"minecraft:torch":4,"minecraft:dirt":12,"minecraft:mutton":1,"minecraft:crafting_table":1,"minecraft:white_bed":1,"minecraft:birch_door":1,"minecraft:oak_log":3,"minecraft:oak_stairs":9,"minecraft:stone_axe":87,"minecraft:cobblestone":11},"minecraft:mined":{"minecraft:crafting_table":1,"minecraft:ladder":1,"minecraft:grass_block":11,"minecraft:tall_grass":2,"minecraft:copper_ore":11,"minecraft:cobblestone":15,"minecraft:oak_planks":2,"minecraft:birch_planks":1,"minecraft:furnace":1,"minecraft:birch_log":2,"minecraft:iron_ore":1,"minecraft:birch_leaves":5,"minecraft:grass":563,"minecraft:oak_log":55,"minecraft:coal_ore":20,"minecraft:oak_stairs":1,"minecraft:dirt":71,"minecraft:acacia_planks":1,"minecraft:stone":251,"minecraft:oak_leaves":16},"minecraft:broken":{"minecraft:stone_pickaxe":2,"minecraft:wooden_pickaxe":1},"minecraft:killed_by":{"minecraft:player":1,"minecraft:zombie":1},"minecraft:crafted":{"minecraft:oak_planks":220,"minecraft:wooden_pickaxe":2,"minecraft:birch_planks":4,"minecraft:stone_axe":2,"minecraft:cooked_mutton":2,"minecraft:ladder":6,"minecraft:stick":24,"minecraft:stone_pickaxe":3,"minecraft:oak_stairs":8,"minecraft:stone_sword":2,"minecraft:chest":3,"minecraft:white_bed":1,"minecraft:birch_door":3,"minecraft:torch":8}},"DataVersion":3465}